label,NEU,GRAD
1,0,0.6
2,2.37388724,5.4
3,11.5727003,29.8
4,45.40059347,40.3
5,40.65281899,23.9